{
  "project_info": {
    "project_number": "261163069666",
    "firebase_url": "https://booklover-85617.firebaseio.com",
    "project_id": "booklover-85617",
    "storage_bucket": "booklover-85617.appspot.com"
  },
  "client": [
    {
      "client_info": {
        "mobilesdk_app_id": "1:261163069666:android:b939bf604ade6afe9beebb",
        "android_client_info": {
          "package_name": "com.example.booklover"
        }
      },
      "oauth_client": [
        {
          "client_id": "261163069666-pu92mo8s9930s4i9mdvqhomjii5mdg3o.apps.googleusercontent.com",
          "client_type": 3
        }
      ],
      "api_key": [
        {
          "current_key": "AIzaSyDduErnGzteq1BNT_cimNirPDIFFapeSY4"
        }
      ],
      "services": {
        "appinvite_service": {
          "other_platform_oauth_client": [
            {
              "client_id": "261163069666-pu92mo8s9930s4i9mdvqhomjii5mdg3o.apps.googleusercontent.com",
              "client_type": 3
            }
          ]
        }
      }
    },
    {
      "client_info": {
        "mobilesdk_app_id": "1:261163069666:android:a4dad6912a7bc9829beebb",
        "android_client_info": {
          "package_name": "com.example.database"
        }
      },
      "oauth_client": [
        {
          "client_id": "261163069666-pu92mo8s9930s4i9mdvqhomjii5mdg3o.apps.googleusercontent.com",
          "client_type": 3
        }
      ],
      "api_key": [
        {
          "current_key": "AIzaSyDduErnGzteq1BNT_cimNirPDIFFapeSY4"
        }
      ],
      "services": {
        "appinvite_service": {
          "other_platform_oauth_client": [
            {
              "client_id": "261163069666-pu92mo8s9930s4i9mdvqhomjii5mdg3o.apps.googleusercontent.com",
              "client_type": 3
            }
          ]
        }
      }
    },
    {
      "client_info": {
        "mobilesdk_app_id": "1:261163069666:android:cb3bdc8b9e3d0fbc9beebb",
        "android_client_info": {
          "package_name": "com.example.myapplication"
        }
      },
      "oauth_client": [
        {
          "client_id": "261163069666-pu92mo8s9930s4i9mdvqhomjii5mdg3o.apps.googleusercontent.com",
          "client_type": 3
        }
      ],
      "api_key": [
        {
          "current_key": "AIzaSyDduErnGzteq1BNT_cimNirPDIFFapeSY4"
        }
      ],
      "services": {
        "appinvite_service": {
          "other_platform_oauth_client": [
            {
              "client_id": "261163069666-pu92mo8s9930s4i9mdvqhomjii5mdg3o.apps.googleusercontent.com",
              "client_type": 3
            }
          ]
        }
      }
    }
  ],
  "configuration_version": "1"
}